<?xml version="1.0" encoding="UTF-8"?>
<beans:beans 	xmlns="http://www.springframework.org/schema/task"
	xmlns:beans="http://www.springframework.org/schema/beans"
	xmlns:xsi="http://www.w3.org/2001/XMLSchema-instance"
	xmlns:p="http://www.springframework.org/schema/p"
	xsi:schemaLocation="http://www.springframework.org/schema/task http://www.springframework.org/schema/task/spring-task-4.3.xsd
		http://www.springframework.org/schema/beans http://www.springframework.org/schema/beans/spring-beans.xsd">

	
	<beans:bean id="memberPictureRemoveTask"
				  class="kr.or.ddit.scheduler.RemoveMemberPictureScheduler"
				  p:picturePath-ref="picturePath"
				  p:memberDAOBean-ref="memberDAOBean" 
	/>
	<scheduler id="memberPictureRemoveScheduler"/>
	<scheduled-tasks scheduler="memberPictureRemoveScheduler">
		<scheduled ref="memberPictureRemoveTask" 
				   method="removePicture"
				   cron="*/10 * * * * *"/>
	</scheduled-tasks>
	
	
	<beans:bean id="summernoteImageRemoveTask"
	            class="kr.or.ddit.scheduler.RemoveSummernoteImageScheduler"
	            p:pdsDAOBean-ref="pdsDAOBean"
	            p:noticeDAOBean-ref="noticeDAOBean"
	            p:boardDAOBean-ref="boardDAOBean"
	            p:filePath-ref="imgPath"
	            />
	<scheduler id="summernoteImageScheduler"/>
	<scheduled-tasks scheduler="summernoteImageScheduler">
		<scheduled ref="summernoteImageRemoveTask" 
				   method="fileRemove"
				   cron="*/10 * * * * *"/>
	</scheduled-tasks>         
	
	
</beans:beans>







